{
  "Assignment-2": {
    "Problem-1": {
      "description": "Problem 1",
      "correct": true,
      "number": "10",
      "message": "Not Okay"
    },
    "Problem-2": {
      "description": "Problem 2",
      "correct": true,
      "number": "10",
      "message": "Not Okay"
    },
    "Problem-3": {
      "description": "Problem 3",
      "correct": true,
      "number": "10",
      "message": "Not Okay"
    },
    "Problem-4": {
      "description": "Problem 4",
      "correct": true,
      "number": "10",
      "message": "Not Okay"
    },
    "Problem-5": {
      "description": "Problem 5",
      "correct": true,
      "number": "10",
      "message": "Not Okay"
    },
    "Questions": {
      "description": "Interview Questions",
      "correct": true,
      "number": "10",
      "message": "You did not answer all the questions.",
      "sub_req_11": {
        "description": "Question 1",
        "correct": true,
        "number": "2",
        "message": "1. Not Okay"
      },
      "sub_req_12": {
        "description": "Question 2",
        "correct": true,
        "number": "2",
        "message": "2. Not Okay"
      },
      "sub_req_13": {
        "description": "Question 3",
        "correct": true,
        "number": "2",
        "message": "3. Not Okay"
      },
      "sub_req_14": {
        "description": "Question 4",
        "correct": true,
        "number": "2",
        "message": "4. Not Okay"
      },
      "sub_req_15": {
        "description": "Question 5",
        "correct": true,
        "number": "2",
        "message": "5. Not Okay"
      }
    }
  }
}